videoId,title,channelId,category,classification,viewCount,commentCount,comments,tags,description,links,linksCount,linksDownCount,linksDown,linksUp
https://www.youtube.com/watch?v=dFotOUq0Z4E,How to make money online just by clicking ads $99+ Per Day,UCFqanUMpCMh54RmqRFh8hZw,People & Blogs,f,296865,240,"[u'Well I found free $3421a money making system that is really working for me>>>frepplmoney.win/?XnKgt6 Try once.', u'Well I found free $3614a money making system that is really working for me>>>frepplmoney.win/?rHwC7V Try once.', u'Well I found free $3514a money making system that is really working for me>>>frepplmoney.win/?nQXMI2 Try once.', u'Learn how to make Money online: https://bit.ly/2L2rktC', u'Well I found free $4235a money making system that is really working for me>>>pypmon.win/?VKGNGS Try once.', u""*This I very good website. I don't know yet how it works, but I got 15 dollars just for signing up for three surveys!!\u21d2\u21d2 Go >>>>>>>**https://t.co/SuTj3d6VzU**  <<<<<<<*"", u'FOR ALL OF YOU WHO WANTS TO MAKE MONEY, GO WORK, U LAZY IDIOTS.', u'Well I found free $5216a money making system that is really working for me>>>pypmon.win/?dn08RG Try once.', u'Earn 500$ every day\n\U0001f447\U0001f447\U0001f447\U0001f447\U0001f447\nhttps://bit.ly/2lBew2j', u'Earn money is working 100% only click ads  >> https://bit.ly/2yFIqMc', u'This side is best for earn\nhttps://www.advertslab.com/index.php?ref=Supun', u'http://www.uniclique.net/?ref=lethanhtamlion (click on ads earning money every day) with a minimum withdrawal of 2 USD prestige with face book on 6000 participants', u'Well I found free $2643a money making system that is really working for me>>>pypmon.win/?rWiG8s Try once.', u'http://www.AWSurveys.com?R=7065488 HI GUYS IF YOU WANT TO EARN EXTRA MONEY YOU CAN EARN I UPLOADED LINK I RECENTLY JOINED  IT VERY EASY TO EARN CASH CHEERS', u'Are looking for online clicking home based job then you are on the right place check out http://pradip1996.bestclickjobsrea.c2strack.com for every click now you get paid instantly .', u'If you want to earn by clicking on ads this is the best site for you: http://demo.polr.me/2o this site gives you 10 per 1 ad.', u'can i earn from Pakistan on neobux', u""This one's way better you can earn up to as much work as you put in http://royurls.bid/BBv8x1"", u'Guys I swear I just got free $3412_real money from this_amazing website>>>>pypmon.win/?s9Ityk Try once.', u'Well I found free $4632a money making system that is really working for me>>>pypmon.win/?Za2FDK Try once.', u'guys wtf is this u cant get 100$ a day.. i made 5$ from opening websites here : https://www.ayuwage.com/?reg=1811429%22%3E use this link to earn 10% more i swear this is not a scam', u'Well I found free $1325a money making system that is really working for me>>>pypmon.win/?hFX0wT Try once.', u'I have got 1125$ from http://oremoney.win/5324370195210/\nSimple nd easy', u'http://greatjob.online/?refer=4611 try this its very easy', u'http://wmmoney.host/9594350466461/..... Try this one guys, maybe you will find this interesting.', u'Earn $30 per Hour by just watching videos https://youtu.be/RRB4n7xyAto', u'all films hakers\n1- mr.robot    http://cuon.io/WW2c8NRN\n2-who am i    http://cuon.io/5sUhyq\n3- hacker 2015   http://cuon.io/OjK0g0Je\n4- alharam 4   http://cuon.io/AATi', u'what about this guys?\nJust heard from it on an other site:\nhttp://abmoney.bid/showadv.php?rstr=0.9241056650879879', u'Revealing Secrets: Learn How I Earn $250 Daily Online. Simplest Method http://bit.ly/2ugenbM', u'Waste of time check out how I make up to $28 an hour  https://youtu.be/_UGtCVaYJxo', u'SMARTER MONEY 2018- 100% NEW METHOD MAKING MONEY SYSTEM,newbie friendly,no need previous experience, Just Search Google it, *DOLLARINCOMEIDEAS. COM*', u'bro cant find that ad alert plz help', u'Trying to find methods to generate income online. You will get to know more tips to make money online. Just go to google and type: ""TheMakeMoneyOnlinePro"".', u'Crap', u'Guys I swear I just got free $3156_real money from this_amazing website>>>>freepplmoney.win/?5reazT Try once.', u'Guys I swear I just got free $3651_real money from this_amazing website>>>>freepplmoney.win/?9GbdcR Try once.', u'Simple way to make money > http://legitimoney.com/?r=10351', u'They have no paypayl so you dont get payed eather. waist of time making them rich!', u'https://www.paid-to-read-email.com/?r=339788', u'get 10$ now click link here http://briskrange.com/6syV', u'Guys I swear I just got free $7680 real money from this amazing website: (just go to)=> http://plcash.win/?zofVmD', u'Guys I swear I just got free $2135_real money from this_amazing website>>>>freepplmoney.win/?eI2YxK Try once.', u'Take A Look At The REAL PROOF...Even A Total Newbie With ZERO Experience Could Set This Up In The Next 30 Minutes...Just search Google, *DOLLARINCOMEIDEAS. COM*', u'i have found an awesome site where you 10 cents per ad. the nice thing about this site is that there are over a 100 ads, all you have to do, is enter the code. i have earned 200 dollars on my first try. you earn 50% of your earnings when you get referals.  http://udmoney.club/4903917161893/', u'I earned 175 in 1 hour on https://ref.adbtc.top/770302', u'Guys I swear I just got free $1653real money from this amazing website>>>>freepplmoney.win/?u8qcgv Try once.', u'Guys I swear I just got free $3512real money from this amazing website>>>>freepplmoney.win/?lPGnaq Try once.', u'http://donkeymails.com/pages/index.php?refid=kaputula1974 follow me and make 50 dollar per day', u'Secret system to making money online 2018, here > earninvesto.top .  wanted to share', u""Hi!\n\nDo you want to earn $100 per day WITHOUT investment. Join me here.\n\nLink: https://goo.gl/gyCh6D (sponsor link so that your \n\nregistration won't be useless).You will receive $80.00 for free immediately \n\nafter your registration.\n\nThis is 100% LEGIT and NOT a scam. EARN daily while you're at home \n\nwith your kids and family. \n\nWhat are you waiting for? Grab the opportunity now!!""]","[u'Money (TV Episode)', u'How-to (Media Genre)', u'Business', u'Work', u'Cash', u'free', u'money', u'Networth', u'Make money online']","After months of searching for a constant online earning of money i found the one and only thing that has brought me thousands of dollars of monthly income. It was a slow process but after a couple of days of doing this you go from $1 a day up to $25 a day then up to $100 a day!

Sign up here. They have multiple payout options such as paypal, payza and more
Link: http://www.neobux.com/?r=dirven
*Update: Decided to take a screenshot of my account. I have low account balance because i just cashed out recently but as you can see I have received over $6000: http://imgur.com/NcIH1y8

Earn money just by clicking ads. The way it works is advertisers want you to visit their webpage and you get money just by visiting their websites. Here is a little step by step guide.

1.) Save enough money by clicking ads then rent 3 referrals
2.) Earn money from referrals
3.) Rent MORE referrals
4.) Cashout 
5.) Repeat 

With some patience and some knowledge you can either make this your 1st income or second income as this does not require alot of effort. Only 10 minutes a work everyday. And after a few months when you have alot of referrals rented this method will be just like autopilot. They also have a forum section where mebers discuss their own tactics and their payments. You can see over there that members are actually making over the $1,000's each month


IGNORE:
a way to make money online
best way to make money online
ways to make money online
free ways to make money online
easiest way to make money online
easy way to make money online
ways to make money online for free
way to make money online
fastest way to make money online
the best way to make money online
easy ways to make money online
best way make money online
best ways to make money online
ways for kids to make money online
real ways to make money online
legit ways to make money online
quick ways to make money online
fast way to make money
10 ways to make money online
101 ways to make money online
top ten ways to make money online
different ways to make money online
make money from home
how to make fast money
legitimate ways to make money online
legal ways to make money online
how to make money fast online
what s the best way to make money online
easy way to make money online for free
good way to make money
fast ways to make money online
top ways to make money online
fastest ways to make money
ways to make easy money online
ways to make money online from home
what is the easiest way to make money
ways to make fast money online
ways to make quick money online
free way to make money online
fast way to make money online
ways make money online
making easy money online
are there any legitimate ways to make money online
what is the best way to make money online
free easy ways to make money online
is there any way to make money online
free ways make money online
easy free ways to make money online
what is the fastest way to make money
make money online websites
need to make money online
ways to make money online for teenagers
real ways to make money online for free
a real way to make money online
real way to make money online
good ways to make money online
simple way to make money
ways to make cash fast
is there a real way to make money online
are there any real ways to make money online
creative ways to make money online
easy ways to make money online for free
honest way to make money online
ways to make money online without scams
top 10 ways to make money online
best way to make money
scam free ways to make money online
new ways to make money online
ways make money home
easy ways to make money online for kids
ways to make good money
ways of making money online
easiest ways to make money online
28 ways to make money online
simple way to make money online
great way to make money
101 ways make money online
easy way make money online
ways to make free money online
simple ways to make money online
quick ways to make money
quickest way to make money online
easy way to make money online for teenagers
what is the fastest way to make money online
ways to make money fast online
legit way to make money online
ways to make money online for free fast
ways to make money from home
easiest way to make money
ways for teenagers to make money online
how to make money in the internet
best way to make money online 2010
fast ways to make money
40 ways make money online
a good way to make money
ways to make money online for kids
ways to make money without working
make good money online
making fast money online
quick way to make money
best way of making money online","[u'http://www.neobux.com/?r=dirven', u'http://imgur.com/NcIH1y8']",2,0,[],"[u'http://www.neobux.com/?r=dirven', u'http://imgur.com/NcIH1y8']"
https://www.youtube.com/watch?v=nz7Fs7YPCIM,"Earn Money by Clicking On  own Android App. Easy trick ,No CTR PROBLEM. Daily Make 5-10$ in AdSense.",UCfed0SJsJPmv-TTlZfHFWpA,Autos & Vehicles,f,170769,No commentCount,No comments,"[u'Earn Free Money', u'Make Money with Android App', u'Make Money daily In AdSense', u'How to Make free Money', u'Free Paytm Cash']","Hello  

Please like, share, subscribe 

Thanks @ For 2000 SUBSCRIBERS.....


Hello friends today in this video I will show you that How you Earn 5$-10$ Daily by Clicking your own Ads in Your Android application.

Solution of CTR? How to Protect your Admob ,AdSense Account from suspension.

Snap VPN :-https://play.google.com/store/apps/details?id=free.vpn.unblock.proxy.vpnpro

Turbo VPN:-https://play.google.com/store/apps/details?id=free.vpn.unblock.proxy.turbovpn

Also Watch Our Latest videos

50 PAYTM CASH JUST SINGUP

http://4funindia.com/u/2054582

(Download & Singup)



For More Paytm Loot tricks please subscribe our channel & Daily get New latest paytm cash online tricks. 

   Earning     subscribe        Paytm cash. 


like
share
comment 
Subscribe","[u'https://play.google.com/store/apps/details?id=free.vpn.unblock.proxy.vpnpro', u'https://play.google.com/store/apps/details?id=free.vpn.unblock.proxy.turbovpn', u'http://4funindia.com/u/2054582']",3,0,[],"[u'https://play.google.com/store/apps/details?id=free.vpn.unblock.proxy.vpnpro', u'https://play.google.com/store/apps/details?id=free.vpn.unblock.proxy.turbovpn', u'http://4funindia.com/u/2054582']"
https://www.youtube.com/watch?v=WBHBZMeywY4,Earn Money By Clicking Ads | Earn $7 Per Click! | How To Make Money,UC4l9z0a-bFvZyX1HAqn270A,People & Blogs,f,53542,No commentCount,No comments,"[u'how to make money', u'how to make money online', u'make money clicking ads', u'how to make money clicking ads', u'best ptc sites', u'get paid to click reviews', u'paid to click', u'get paid to click', u'best ptc', u'sevendollarclick.com scam', u'sevendollarclick.com', u'sevendollarclick review', u'sevendollarclick fake', u'Google', u'Youtube', u'Earn Money By Clicking Ads']","Click here to start making money: 
http://www.sevendollarclick.com
______________________________________

See more testimonials here:
https://www.youtube.com/channel/UC4l9z0a-bFvZyX1HAqn270A
_________________________________



How to Make Money Online With Sevendollarclick.com

Have you ever wondered how to make money online? If the answer is yes, it is quite likely that you have invested countless hours researching how to make money while working a flexible schedule from the comfort of your own home. While all that research may not yet have been successful in yielding the kind of life-changing income youve been seeking, there is at least one site that provides a very real opportunity to generate thousands of dollars each and every month through a simple system that requires very little effort on your part. That site is Sevendollarclick.com, where I have been bringing in an average of $7,000 to $8,000 per month for the past two years.

Before signing up for Sevendollarclick.com, I too had spent a great deal of time seeking a new work opportunity, hoping that I could find out how to make money online without having to accept any reduction in my income. While performing search after search on how to make money, I began looking into pay-to-click websites, or PTCs, as I believed that this was the best option for someone looking for a way to bring in consistently exceptional income without having to make a massive commitment of time and energy.

Having previously worked in marketing, I was quite well aware of how much revenue online advertising was capable of generating and how valuable the views and clicks of those advertisements could be, so I spent quite a bit of time looking into all of the details I could find about the PTCs I had discovered with the goal of analyzing the potential income possible through each one. After a detailed analysis of each site, I selected Sevendollarclick.com, which I felt offered the greatest opportunity for generating substantial monthly earnings while requiring a relatively minimal investment of time on my part. At a rate of $7 per click, it is not all that difficult to understand how to make money quickly and easily through the intuitive PTC system made available through Sevendollarclick.com.

In this video, I detail my personal experience with Sevendollarclick.com and delineate the simple strategies I have used over the last two years to take home over $7,000 in income on a monthly basis. This includes instructions regarding how to sign up for the website and how to make money online just by clicking the advertisements Sevendollarclick.com makes accessible through its website. The membership guidelines and payout options are also discussed in detail, and I have included an overview of the companys consistency in making payments available to its members in a timely fashion along with any other relevant information you might be interested in learning while researching how to make money online.

My experience with Sevendollarclick.com could not have been any smoother. Just over two years ago, I found this PTC website and took the few moments necessary to sign up and log in before being able to access the advertisements. Once I was logged in, I started clicking advertisements immediately and kept at it until I had met the $7,000-threshold for payment. Having purchased a membership shortly after signing up for the site, the withdraw button was already visible to me and payout was available following the agreed-upon 75-day waiting period.

During that initial 75-day window, I continued to click on the ads made accessible to me through Sevendollarclick.com and have since enjoyed a steady income of at least $7,000 per month, which has always been credited to my account on time. All you need to do to have a similar experience to mine is to follow the simple guidelines outlined by Sevendollarclick.com and to invest a relatively minimal amount of time and effort to consistently click on the ads, after which you can just sit back and enjoy all of the possibilities suddenly available to you when you are compensated at a rate of $7 per click.","[u'http://www.sevendollarclick.com', u'https://www.youtube.com/channel/UC4l9z0a-bFvZyX1HAqn270A', u'Sevendollarclick.com', u'Sevendollarclick.com', u'Sevendollarclick.com', u'Sevendollarclick.com', u'Sevendollarclick.com', u'Sevendollarclick.com', u'Sevendollarclick.com', u'Sevendollarclick.com', u'Sevendollarclick.com', u'Sevendollarclick.com']",12,0,[],"[u'http://www.sevendollarclick.com', u'https://www.youtube.com/channel/UC4l9z0a-bFvZyX1HAqn270A', u'Sevendollarclick.com', u'Sevendollarclick.com', u'Sevendollarclick.com', u'Sevendollarclick.com', u'Sevendollarclick.com', u'Sevendollarclick.com', u'Sevendollarclick.com', u'Sevendollarclick.com', u'Sevendollarclick.com', u'Sevendollarclick.com']"
https://www.youtube.com/watch?v=JYVTcpIXi_4,Make Money Online With No Website Using Pay Per Click,UCj2zirDn1hkPKSARbARfeQw,How-to & Style,b,206390,242,"[u'Great job Sir!', u'Paul is it hard to get approved by these websites? I have no clue what I am doing.', u'pof is closed and 7u search', u'I subscribed!', u""I just subscribed.\U0001f592 I have a question though. I tried going on some different websites that you mentioned for advertising on like POF.com, etc. And They All Don't Want To Take On Any More advertising people right now. I'm wondering where could I promote these leads with not having a website? Any help appreciated. I'm thinking about trying shopify and affiliate marketing for a few months to see if I can make anything there. I'm in need of help seriously though. I'm a broke 34 year old that lives in a camp behind my parents with my 2 year old, kinda falling behind on getting ahead in life. I got in trouble in my early 20s and still paying thar off. Any help is greatly appreciated. Thankyou"", u'you got a good brain. x', u'I LIKE YR LAZY PASSIVE INCOME FOR BEGINNERS THERE ACE. \nbecause u show which websites to use for free....when they got not much money to spend. keep it up. ace. blesss you pauljames.', u'great content! keep it up.', u'Hey Paul James, I just had an AHA moment thanks guy!!!!. Great info and video. Have a great weekend!!', u'You are a beast !! Thank You!!!', u""Okay, I don't have a business or product. I just wanna make a few bucks to buy basic food, household items, and pay some bills. I don't have a computer so can I do this on my tablet? Is bit worth my time?\n\nThanx for your response"", u'Thanks,You\'ve delivered Training in an  EXTREMELYt ""laid-back""fashion! I\'m off to work NOW and will let you know of my Hopefully"" tremdously,Greatful success ""!!!!\U0001f600\U0001f600', u""I'm interested , how to start"", u'people like you are the real mentors!! thanks for the info.', u""I'm new to affiliate marketing and this is one of the most helpful videos I have seen."", u'Hey Paul, I noticed this video was created in 2015.  What is your opinion as to the best ways to get traffic to YouTube channels in 2018 utilizing MaxBounty affiliate links?', u'I know it\u2019s a little late but do you have a account for pof?', u'Anything New?', u'Where to find Click-thru url in facebook ads', u'it still working??', u'POF paused their acceptance for new advertisers and 7 Search Shut-down sadly', u'I did this when goto.com was here ;) hehe  It was like in the top 500 sites on Alexa would send mass conversions. I wish it was still here as it could have been Googles main competitor', u""I can't register at POF help"", u'Can you do the same with click bank as with offervault? I have an acct with CLICKBANK and want to promote a item. Thanks', u'pof no new clients and 7search no longer either accepting on newbies', u""uuups, Plenty of fish doesn't accept new marketers anymore!!! https://ads.pof.com"", u'Guys, the pof is closed to new people', u""please I've  subscribed to your channel Boss Paul James\n Please, I have a question I have tried with max bounty and they keep on rejecting please can I get any other reflexible site to join?"", u'what is CBA....i heard of it somewhere else', u'Hi Paul. Is this method still working?', u'A few questions to ponder: The ad campaign on POF is set at 16 cents per 1000, with a total of 10 dollars SPENT per day OR 300 dollars Per Month. Each POF member gets to see the add 5 times. Ten Dollars per day results in 62,500 showings of the ad OR equal to 12,500 POF members. 1st question: What PERCENTAGE of POF members will click the ad? 20%, 10%, 1%, 0.0001% ? 1% would generate 125 clicks to the advertiser. The analytics of the advertiser shows the ""Average"" per view (EPC) at 4 cents. Therefore Per 10 dollars SPENT on POF the Gross Income from the advertiser (as averaged) nets 5 dollars From the Advertiser. That Becomes, AT a 1% rate, a Loss of $150 per Month. THE ""Missing"" link to ""Profits"", What are the Average Clicks per advertiser on POF? The EPC is what really counts, not the ""lead"" payment when your targeting the masses.', u'This is very good information you gave us. I really appreciate. Thank you..', u""I love how you don't even show proof you get actual money from running the ads."", u'Wonderful bro.', u'I believe 7search.com is down? What other advertiser or an alternative to 7search.com you\u2019d use? Or recommend? Because I don\u2019t know one that\u2019s what I am asking you! Please xD.  I\u2019d subscribed to your channel :) advice from the pro will alway be appreciated! Thanks', u'Can you do this from any country in the world? PayPal is not accepting  some countries like mine so what is the way out Paul.', u'I have subscribed', u'I will pay you to help me. DO you have a Udemy course?', u'Can you talk about tracking because it looks like there must be tracking software before someone can start making money but all u say is just copy and past link please can you be clear on it', u'for publishing add do you have to pay?', u'Is there any updated information on this? a few of the websites you mentioned are shut down. any updated information would be helpful', u'I really honesty subscribed \U0001f64f\U0001f618\U0001f942thanks so much for your video is a blessing. God bless', u'what book tell me how to do it', u'face book', u'not work', u'what now', u'get charge', u'jucer', u'i signed up for peerfly and offervault and cj and its been about a week and i still havent been approved? Any tips? Im watching your vid on how to get approved if your a newbie thanks', u'So does the money go straight into your bank account per lead?']","[u'Make Money Online', u'Pay Per Click', u'Affiliate']",IM Report 360 outlines exactly how you can make money online today without a website by utilizing Pay Per Click with affiliate marketing,No links,0,0,[],[]
https://www.youtube.com/watch?v=H1KmFXp2Ymg,Easy Side Online Job Clicking Ads and Making Money,UCRfWuSls0R7jQazuddXiPvQ,How-to & Style,b,7163,8,"[u""Didn't work"", u'The  real  big  money??   LOL clicksense    makes  no  sense  just  wasting  time  like  literally,  i  HATE!!!!   surveys  the  time  iv  wasted!!!  and  not  got  paid  vowed  never!!!  again    but  ill  give  it  a look  Hmmm', u'is the referral program a multiple level?', u'Another great video.  Thank you for  sharing info you know with all of us daily.', u'Hey Tyler, most of this are not in Nigeria. kindly update me with how i can make money online in Nigeria.', u'Hatts off\U0001f44c\U0001f3a9']","[u'make money online', u'tyler pratt', u'tylerpratt', u'earn money', u'earn money online', u'easy ways to make money', u'how to earn money', u'how to make money', u'how to make money fast', u'how to', u'make money from home', u'how to make money online', u'make money', u'make money fast', u'ways to make money', u'ways to make money online', u'work from home', u'work from home jobs', u'online jobs', u'working from home', u'home based business', u'home business', u'online job']","My #1 Recommendation To Earning Income Online 
CLICK HERE     http://go.tylerpratt.com/

Are you looking for an online job?

Something you can work from home?

In this video I show you a website that lets you earn money clicking ads.

You can travel and still have a work from home job online. 

The only thing you need is your computer and a wifi connection to make money online. 

I mean it really is one of the easy ways to make money you can find. 

Just follow the instructions and your new home based business will be setup

http://go.tylerpratt.com/

To Your Success
Tyler Pratt

Connect with Me On 
Facebook - https://www.facebook.com/tylerprattlive/
Instagram - https://www.instagram.com/millionaire...
Twitter - https://twitter.com/asktylerpratt
Blog - http://tylerpratt.com
Email: tylerpratt@live.com


SUBSCRIBE TO MY YT CHANNEL https://www.youtube.com/tylerprattlive

Suggested Video
https://www.youtube.com/watch?v=M1xs-...

https://www.youtube.com/watch?v=P1004...","[u'http://go.tylerpratt.com/', u'http://go.tylerpratt.com/', u'https://www.facebook.com/tylerprattlive/', u'https://www.instagram.com/millionaire', u'https://twitter.com/asktylerpratt', u'http://tylerpratt.com', u'https://www.youtube.com/tylerprattlive', u'https://www.youtube.com/watch?v=M1xs-', u'https://www.youtube.com/watch?v=P1004']",9,3,"[u'https://www.youtube.com/tylerprattlive', u'https://www.youtube.com/watch?v=M1xs-', u'https://www.youtube.com/watch?v=P1004']","[u'http://go.tylerpratt.com/', u'http://go.tylerpratt.com/', u'https://www.facebook.com/tylerprattlive/', u'https://www.instagram.com/millionaire', u'https://twitter.com/asktylerpratt', u'http://tylerpratt.com']"
